dataset,optimizer,iteration,variation,runtime
FiftyWords,ssg-1000-1,0_2265492033579162998,210.526323443629,264.96551489830017
FiftyWords,ssg-1000-1,1_1016076838762880639,210.5426919458896,264.45773482322693
FiftyWords,ssg-1000-1,2_729535312471433095,211.63973971660036,263.8753616809845
FiftyWords,ssg-1000-1,3_354463858690531473,216.68341290467683,265.83700823783875
FiftyWords,ssg-1000-1,4_956363461769994650,215.8848677078605,265.2606711387634
FiftyWords,ssg-1000-1,5_2124753445712208546,225.00954549988668,264.50635862350464
FiftyWords,ssg-1000-1,6_1118859735483196331,212.08328579281047,264.5634038448334
FiftyWords,ssg-1000-1,7_1791849912123958453,210.64550507456937,266.2914979457855
FiftyWords,ssg-1000-1,8_1527752716690302398,218.27246351920607,264.88509917259216
FiftyWords,ssg-1000-1,9_436735915750500038,210.75259623284376,263.5264940261841
FiftyWords,ssg-1000-1,10_218439976683481036,218.057064398239,261.9049892425537
FiftyWords,ssg-1000-1,11_1048079224200931622,210.76270698417528,346.3593955039978
FiftyWords,ssg-1000-1,12_947708106236144177,214.00788140620156,266.955849647522
FiftyWords,ssg-1000-1,13_585045740686322491,210.82160025316642,265.8422956466675
FiftyWords,ssg-1000-1,14_1941388991059635268,210.4569243727741,265.58784770965576
FiftyWords,ssg-1000-1,15_2288879745413590352,210.14773595605863,268.1503167152405
FiftyWords,ssg-1000-1,16_837065900400488026,213.15147933040757,265.3699994087219
FiftyWords,ssg-1000-1,17_2547020278968162,212.29195500962078,263.6377761363983
FiftyWords,ssg-1000-1,18_2003591112621994089,211.15707621038254,263.8674986362457
FiftyWords,ssg-1000-1,19_2090347527855845745,212.06141301389096,264.0372838973999
FiftyWords,ssg-1000-1,20_6751002987770489,212.11796139131042,263.0959994792938
FiftyWords,ssg-1000-1,21_172964725514482559,211.0545987424541,262.0717022418976
FiftyWords,ssg-1000-1,22_1317461222273496199,210.12092988855537,264.49595880508423
FiftyWords,ssg-1000-1,23_1880949936392418702,210.87822722439176,263.24405217170715
FiftyWords,ssg-1000-1,24_1662962960092804758,211.08334983093388,263.905127286911
FiftyWords,ssg-1000-1,25_15227138126296990,214.59156731986008,263.2850875854492
FiftyWords,ssg-1000-1,26_2155307774336481444,210.21751613383293,262.9277651309967
FiftyWords,ssg-1000-1,27_667719119490431406,214.31549728336566,265.35451912879944
FiftyWords,ssg-1000-1,28_1407610180634852022,215.31661402177795,264.3204708099365
FiftyWords,ssg-1000-1,29_1905928091796421566,210.6253229588619,264.21575593948364
FiftyWords,adam-1000-1,0_667950566688079046,238.42432884848117,263.46235489845276
FiftyWords,adam-1000-1,1_1900100130413395406,336.58199944767244,264.5339448451996
FiftyWords,adam-1000-1,2_1591116472287411927,326.6585966459535,264.86564445495605
FiftyWords,adam-1000-1,3_620585804786745313,319.3935210803244,265.57872438430786
FiftyWords,adam-1000-1,4_1763359366825033963,332.0784517284906,266.49530005455017
FiftyWords,adam-1000-1,5_917034480600269302,257.0070905774307,266.6326560974121
FiftyWords,adam-1000-1,6_609154732148572928,273.4489890640347,265.8660674095154
FiftyWords,adam-1000-1,7_1798861497774294027,238.56499702435082,267.51558899879456
FiftyWords,adam-1000-1,8_1530293688062100759,291.99274139592774,267.88318252563477
FiftyWords,adam-1000-1,9_1619633405865412130,349.00294614747077,267.0384159088135
FiftyWords,adam-1000-1,10_519323532647647023,234.129295822531,268.5224802494049
FiftyWords,adam-1000-1,11_1824268462713129017,237.05306356994657,266.56562638282776
FiftyWords,adam-1000-1,12_1932018952967735620,291.1935800259114,267.0464017391205
FiftyWords,adam-1000-1,13_1900329378587789902,325.80474419761003,265.98591470718384
FiftyWords,adam-1000-1,14_935268231679495001,334.082989672243,266.58112931251526
FiftyWords,adam-1000-1,15_1988127581088959586,327.1485763945882,265.4562714099884
FiftyWords,adam-1000-1,16_767941803385474413,217.9973391080195,266.4704248905182
FiftyWords,adam-1000-1,17_1025913619540790903,365.07298654950887,266.11154866218567
FiftyWords,adam-1000-1,18_2058402317022449535,342.02577885685395,264.44742131233215
FiftyWords,adam-1000-1,19_149324675761492105,304.9806851653853,265.1716938018799
FiftyWords,adam-1000-1,20_1775611774649160082,366.0485122421577,265.7049376964569
FiftyWords,adam-1000-1,21_2148569417325662876,376.29952367316685,266.1614451408386
FiftyWords,adam-1000-1,22_1299660129019810724,1378.1890533315113,263.6315133571625
FiftyWords,adam-1000-1,23_1936603916455564461,367.7280453206717,265.27583837509155
FiftyWords,adam-1000-1,24_2132903575653111221,334.7475394847361,264.084774017334
FiftyWords,adam-1000-1,25_1082731432661931710,322.71337967082223,264.5442326068878
FiftyWords,adam-1000-1,26_1598578307949320134,379.7731474326021,264.22337460517883
FiftyWords,adam-1000-1,27_927712387773421775,302.36739945718176,264.70855927467346
FiftyWords,adam-1000-1,28_1410028556460153304,378.61246848877795,265.2088189125061
FiftyWords,adam-1000-1,29_1306805855088728800,239.1837920770161,263.9549174308777
FiftyWords,ssg-1000-10,0_1656508826837769191,232.0519759084747,263.1509783267975
FiftyWords,ssg-1000-10,1_166379750375742700,220.65899478182328,260.35345578193665
FiftyWords,ssg-1000-10,2_945965930061946353,218.50405476224213,261.3377254009247
FiftyWords,ssg-1000-10,3_1444070535967727352,250.89329286626915,263.2157151699066
FiftyWords,ssg-1000-10,4_2089147960669954047,222.37549521001975,263.2794463634491
FiftyWords,ssg-1000-10,5_874908891605295370,217.2875312436218,266.47309017181396
FiftyWords,ssg-1000-10,6_1620258478225809939,228.99083656139774,265.32289266586304
FiftyWords,ssg-1000-10,7_1315938398669038363,237.23859739688393,263.8676996231079
FiftyWords,ssg-1000-10,8_232420816786482211,214.00881796696936,263.52975130081177
FiftyWords,ssg-1000-10,9_1894609169344292139,218.7882799028279,264.72052001953125
FiftyWords,ssg-1000-10,10_507822641021118004,218.80943200804663,264.39825320243835
FiftyWords,ssg-1000-10,11_819134515018917696,227.57408479822823,268.1346652507782
FiftyWords,ssg-1000-10,12_592107903871543369,232.00323175002706,264.90119910240173
FiftyWords,ssg-1000-10,13_814600129065970001,221.47186059780685,264.0961420536041
FiftyWords,ssg-1000-10,14_689225017173928536,234.98020188903718,262.94526624679565
FiftyWords,ssg-1000-10,15_2273748816147966815,226.2343706723657,263.68683099746704
FiftyWords,ssg-1000-10,16_2261740499905211495,230.41548835919397,263.99444603919983
FiftyWords,ssg-1000-10,17_1548565372292492654,217.53851735310386,262.6903586387634
FiftyWords,ssg-1000-10,18_1670063056429182580,218.43408305473602,262.0523536205292
FiftyWords,ssg-1000-10,19_1831142059654180731,232.68460749940303,263.06950187683105
FiftyWords,ssg-1000-10,20_2080656982124458115,232.3180191395666,264.1077947616577
FiftyWords,ssg-1000-10,21_616823275996508554,290.26215244579276,262.36482882499695
FiftyWords,ssg-1000-10,22_1996686179599577745,231.32105057637838,263.59807419776917
FiftyWords,ssg-1000-10,23_2271029174136664983,228.90516867698884,262.1183919906616
FiftyWords,ssg-1000-10,24_1254519129385661597,260.4947449723959,261.5587878227234
FiftyWords,ssg-1000-10,25_1512605294750266788,228.9022269636811,263.1115963459015
FiftyWords,ssg-1000-10,26_1850905231407642284,218.838223133765,264.1463677883148
FiftyWords,ssg-1000-10,27_715768877135886260,224.5186565078769,263.50735783576965
FiftyWords,ssg-1000-10,28_1394240668996925625,232.21764816843827,261.2938771247864
FiftyWords,ssg-1000-10,29_2159979599242918333,220.14971013890894,260.3317003250122
FiftyWords,adam-1000-10,0_1322916449214724802,288.1378965373739,260.63631558418274
FiftyWords,adam-1000-10,1_231846321960975303,251.5599625561298,260.5264871120453
FiftyWords,adam-1000-10,2_1847871678826609868,300.5582846481378,261.7005066871643
FiftyWords,adam-1000-10,3_2122367505479957970,248.55227220421634,262.1186716556549
FiftyWords,adam-1000-10,4_862834604664880858,249.695256024119,263.45339608192444
FiftyWords,adam-1000-10,5_1650468659710590943,285.9500767225743,261.34118366241455
FiftyWords,adam-1000-10,6_821556189379100901,348.9843136850037,261.6402111053467
FiftyWords,adam-1000-10,7_1008292296438252010,293.4679689308778,261.0806791782379
FiftyWords,adam-1000-10,8_11676815080227569,442.7266067164162,262.56742095947266
FiftyWords,adam-1000-10,9_1254246450501977081,314.2999946652261,264.5385711193085
FiftyWords,adam-1000-10,10_2022387813654660352,301.6970820125001,263.332777261734
FiftyWords,adam-1000-10,11_1609996186447971849,1243.8524808380052,264.82083797454834
FiftyWords,adam-1000-10,12_1247500396909758226,349.0868630850717,264.8424541950226
FiftyWords,adam-1000-10,13_2097375056424798235,1513.0421732388331,265.3682231903076
FiftyWords,adam-1000-10,14_1344130976316852517,931.1399087613961,265.67293190956116
FiftyWords,adam-1000-10,15_187530505803467313,392.0090363445791,267.4980812072754
FiftyWords,adam-1000-10,16_658451335979928377,1122.4787387506942,264.20386362075806
FiftyWords,adam-1000-10,17_1372017339976322115,709.1482348084255,266.30888175964355
FiftyWords,adam-1000-10,18_2075627815939018060,401.6953360526807,265.3047842979431
FiftyWords,adam-1000-10,19_820003678960684631,338.05712175463793,266.45507287979126
FiftyWords,adam-1000-10,20_874900645268098912,741.8096055335612,265.023464679718
FiftyWords,adam-1000-10,21_351709032307167342,1082.7176008823865,269.77267146110535
FiftyWords,adam-1000-10,22_1878340795299729790,240.2006683154847,272.66167402267456
FiftyWords,adam-1000-10,23_585025399721235082,1077.700349022456,267.43873262405396
FiftyWords,adam-1000-10,24_502443830138049430,366.61339462885473,267.9638657569885
FiftyWords,adam-1000-10,25_1788167647682565285,258.7013120332916,271.5572352409363
FiftyWords,adam-1000-10,26_127679689857111473,435.89752857224283,267.27949380874634
FiftyWords,adam-1000-10,27_35777010449454780,630.22002155407,266.95975732803345
FiftyWords,adam-1000-10,28_1357437815792015300,338.0181258956226,264.5728380680084
FiftyWords,adam-1000-10,29_540706285028841678,269.4986731483998,265.6454482078552
FiftyWords,sgld-120,0_1346511968746805601,9.745864277666763,147.34886169433594
FiftyWords,sgld-120,1_2292525725971323379,44.813809930935,146.4099531173706
FiftyWords,sgld-120,2_794628599859059334,39.28084326240542,146.349933385849
FiftyWords,sgld-120,3_1167528518175103767,13.663181700054894,145.161301612854
FiftyWords,sgld-120,4_370377640235178921,5.380473677054398,145.65386819839478
FiftyWords,sgld-120,5_1235991808701832252,11.335858149280998,147.37506580352783
FiftyWords,sgld-120,6_1752106964826397899,11.20983124752705,143.2234661579132
FiftyWords,sgld-120,7_1090255940486634846,33.73687177250446,146.71262574195862
FiftyWords,sgld-120,8_461172561677852144,7.029209684779696,145.7268466949463
FiftyWords,sgld-120,9_63784870143794819,20.905439173816603,146.82729744911194
FiftyWords,sgld-120,10_1982219355357126420,34.85358304267176,145.83164477348328
FiftyWords,sgld-120,11_1488220875625275302,1.6351377291182227,145.7854242324829
FiftyWords,sgld-120,12_677140284873056312,25.22503013321279,145.64787030220032
FiftyWords,sgld-120,13_834157692145049802,21.74418994852602,146.0675003528595
FiftyWords,sgld-120,14_1061931971199312219,26.633954911688786,145.0984663963318
FiftyWords,sgld-120,15_1567409352325145071,38.18920579533733,148.21888875961304
FiftyWords,sgld-120,16_2033755114618430080,45.98960410057044,145.20193767547607
FiftyWords,sgld-120,17_537181250750194453,27.822520866806958,148.35066318511963
FiftyWords,sgld-120,18_1693272647379919785,15.326846034036045,148.50103878974915
FiftyWords,sgld-120,19_737261030924035131,7.993871050297667,145.58503651618958
FiftyWords,sgld-120,20_1718634532342015182,5.556508462734187,147.42528247833252
FiftyWords,sgld-120,21_2192099082669335906,10.211511754399252,148.20497059822083
FiftyWords,sgld-120,22_476269406083032565,8.915298529513397,146.25544691085815
FiftyWords,sgld-120,23_520631401728910983,18.565691679475524,146.0188925266266
FiftyWords,sgld-120,24_124667027997009689,48.02158239943172,145.82795548439026
FiftyWords,sgld-120,25_1741502724932315051,18.419749422508577,146.70083904266357
FiftyWords,sgld-120,26_1801173770727532606,3.6518593341832677,147.02555084228516
FiftyWords,sgld-120,27_2041067966454769872,11.645038152197845,146.10371136665344
FiftyWords,sgld-120,28_1693511241403148641,10.431316383998317,144.8489420413971
FiftyWords,sgld-120,29_553892178224949747,14.494092002519961,145.50542330741882
Adiac,ssg-1000-1,0_169815724212562522,113.2903791826,102.79225778579712
Adiac,ssg-1000-1,1_1747889238222252736,113.39888958479709,102.68399477005005
Adiac,ssg-1000-1,2_2125128928933128999,113.4018978131357,103.16317129135132
Adiac,ssg-1000-1,3_711545652973611918,113.62068042073027,102.3866035938263
Adiac,ssg-1000-1,4_1776717883346725876,123.45394531233055,102.46155405044556
Adiac,ssg-1000-1,5_1173526903860440154,114.12739310146657,101.73801136016846
Adiac,ssg-1000-1,6_322738550182718658,120.26907473663134,103.63066363334656
Adiac,ssg-1000-1,7_1226960969947098408,113.32832986049506,102.39155054092407
Adiac,ssg-1000-1,8_273079107514215823,115.78251624493197,102.58596444129944
Adiac,ssg-1000-1,9_1616014913098427891,113.37931645631942,100.58201956748962
Adiac,ssg-1000-1,10_2159770142277840472,114.22036420187722,101.23541450500488
Adiac,ssg-1000-1,11_1900942356320300734,113.20334438467255,101.88735723495483
Adiac,ssg-1000-1,12_516887014880522021,116.47241857323138,102.3993718624115
Adiac,ssg-1000-1,13_1423173217970237322,114.54592565073798,101.3926477432251
Adiac,ssg-1000-1,14_2120441710863921135,113.21721846896784,101.30200719833374
Adiac,ssg-1000-1,15_267480394305581142,115.60785091694495,102.19602417945862
Adiac,ssg-1000-1,16_2287684576274231482,113.49881746666603,100.87576079368591
Adiac,ssg-1000-1,17_1068162353838108961,113.60078710591547,102.47060346603394
Adiac,ssg-1000-1,18_428543454611976584,113.32444547821768,102.7222466468811
Adiac,ssg-1000-1,19_1333233716573975023,113.69051913183617,103.392009973526
Adiac,ssg-1000-1,20_1143424474515190358,115.5182917907936,102.91734409332275
Adiac,ssg-1000-1,21_450670026609341117,113.64230187185557,102.69919943809509
Adiac,ssg-1000-1,22_1469058586976400163,113.66788347187597,102.44128251075745
Adiac,ssg-1000-1,23_1985977486100870025,113.23551909408228,102.2238085269928
Adiac,ssg-1000-1,24_749800961038824432,114.84390579969205,102.46346759796143
Adiac,ssg-1000-1,25_21128217032602711,115.25559178221961,102.68359446525574
Adiac,ssg-1000-1,26_1684501843125155006,113.60464152682297,103.72100949287415
Adiac,ssg-1000-1,27_737179117307770150,113.75808450583388,103.58883619308472
Adiac,ssg-1000-1,28_1887440903287027085,119.59203478484096,103.49844717979431
Adiac,ssg-1000-1,29_245679827505853940,114.50155910013478,102.28762817382812
Adiac,adam-1000-1,0_577280439815190106,114.14173457034039,102.14309477806091
Adiac,adam-1000-1,1_1031944990574982848,185.7101625867977,102.19687628746033
Adiac,adam-1000-1,2_1727090326515431206,135.23304892414893,102.3011589050293
Adiac,adam-1000-1,3_1238732891189884813,144.95402020652412,102.78790211677551
Adiac,adam-1000-1,4_917403916507232242,243.91972543291698,100.86027002334595
Adiac,adam-1000-1,5_1668771680022378584,203.79655765129388,102.3254132270813
Adiac,adam-1000-1,6_1758969566651168957,266.693178003041,101.03879928588867
Adiac,adam-1000-1,7_828814065634064675,135.22874592129216,101.59618902206421
Adiac,adam-1000-1,8_1567501711301884296,349.1796311476047,101.32001328468323
Adiac,adam-1000-1,9_385699334768245230,156.5186160703964,101.48716235160828
Adiac,adam-1000-1,10_2190295883599788627,156.531730497052,101.78227663040161
Adiac,adam-1000-1,11_685471834232535738,113.31388530698757,102.34700441360474
Adiac,adam-1000-1,12_2258419425033534239,319.9831069137392,101.68178057670593
Adiac,adam-1000-1,13_176276454537378694,156.56273310192097,102.09669303894043
Adiac,adam-1000-1,14_945454107399240683,243.68738602475042,101.33320736885071
Adiac,adam-1000-1,15_1378614959498804305,144.87146313539475,102.18752527236938
Adiac,adam-1000-1,16_1304806942949457078,413.3679233375293,100.9676730632782
Adiac,adam-1000-1,17_2187528962588491035,116.94736966055399,101.38251495361328
Adiac,adam-1000-1,18_1562122900418805121,170.28294774145627,101.7284345626831
Adiac,adam-1000-1,19_545294547051560423,413.4815046481972,101.5586621761322
Adiac,adam-1000-1,20_1561098705337531980,348.5307285189902,101.4401695728302
Adiac,adam-1000-1,21_645263793516396211,135.16837430504972,102.6024444103241
Adiac,adam-1000-1,22_1725321212306341658,243.50870217857684,103.46800804138184
Adiac,adam-1000-1,23_1073233851221229441,127.24957045771653,102.7168173789978
Adiac,adam-1000-1,24_1330534965283602408,349.29206872082494,103.11120963096619
Adiac,adam-1000-1,25_460200593398906959,135.13664873223445,102.6221854686737
Adiac,adam-1000-1,26_2304957903946596533,380.1906026583607,102.79967713356018
Adiac,adam-1000-1,27_1324291388505276700,185.64923503231415,102.5743477344513
Adiac,adam-1000-1,28_1466796341802254722,319.87452291724986,102.06146240234375
Adiac,adam-1000-1,29_822948720855695849,144.88719652523122,102.72042036056519
Adiac,ssg-1000-10,0_1858531444057915983,117.1620281456651,102.4485137462616
Adiac,ssg-1000-10,1_771982508617581238,124.65761354323136,102.52846646308899
Adiac,ssg-1000-10,2_1475967918045348636,114.23868904918982,102.3049647808075
Adiac,ssg-1000-10,3_636110359215162242,113.42302956957244,101.63544702529907
Adiac,ssg-1000-10,4_2242961940814447592,119.04962672902349,102.69650769233704
Adiac,ssg-1000-10,5_676245282408055886,126.24677298722561,101.32022523880005
Adiac,ssg-1000-10,6_887280046685242548,121.97107212235242,102.09111857414246
Adiac,ssg-1000-10,7_553396298480829723,130.29125731123833,102.85486221313477
Adiac,ssg-1000-10,8_1309173653379171713,116.1050873915439,102.32742094993591
Adiac,ssg-1000-10,9_792116765545416167,114.0446116014663,101.77540254592896
Adiac,ssg-1000-10,10_1307262152414283340,122.79683323707361,101.22308874130249
Adiac,ssg-1000-10,11_1196646334857692850,121.2085982981438,101.95166349411011
Adiac,ssg-1000-10,12_951124838619498263,130.21739137618985,100.89314603805542
Adiac,ssg-1000-10,13_2275279336333854590,136.49367641386922,103.57389283180237
Adiac,ssg-1000-10,14_1819166728760281060,134.98987993021746,101.80184149742126
Adiac,ssg-1000-10,15_820727157611776075,138.25379383060366,102.56668472290039
Adiac,ssg-1000-10,16_1958047141976295601,115.8478534962328,102.49290442466736
Adiac,ssg-1000-10,17_253862393039767831,116.12803135639564,101.26059532165527
Adiac,ssg-1000-10,18_1834294909246851452,121.67520518419575,101.6849594116211
Adiac,ssg-1000-10,19_971586750012410338,118.62582892375032,101.62550354003906
Adiac,ssg-1000-10,20_509527433800010312,128.68626603904394,101.79924654960632
Adiac,ssg-1000-10,21_1886881251868494509,115.8118839666656,101.59696578979492
Adiac,ssg-1000-10,22_882638458348587796,130.58084409010732,102.56411075592041
Adiac,ssg-1000-10,23_923447382169308026,114.3475513217058,102.01730799674988
Adiac,ssg-1000-10,24_625258179449015264,113.63317600030699,101.87031841278076
Adiac,ssg-1000-10,25_670337056676203589,117.2338885208463,101.01919722557068
Adiac,ssg-1000-10,26_2160916932905618602,128.91478393371432,101.64606356620789
Adiac,ssg-1000-10,27_1982862019903573262,118.53569528500076,99.92234635353088
Adiac,ssg-1000-10,28_953910451328470387,116.12353989510184,100.55340361595154
Adiac,ssg-1000-10,29_2006511415505407447,113.46118395535154,100.45615553855896
Adiac,adam-1000-10,0_880973797744135739,193.22002512331738,99.51125359535217
Adiac,adam-1000-10,1_1295724427148218015,193.10403033619633,100.1794958114624
Adiac,adam-1000-10,2_1077364166650973956,113.44709530274596,100.90499448776245
Adiac,adam-1000-10,3_758595404793597802,137.8052604132939,101.86140656471252
Adiac,adam-1000-10,4_1157059518211248080,117.40535711960477,102.17249417304993
Adiac,adam-1000-10,5_1616180389598416949,122.15884028324784,101.19879126548767
Adiac,adam-1000-10,6_2054120818743922843,117.22388365741986,102.18955183029175
Adiac,adam-1000-10,7_1637861659386532097,122.16932062455837,101.81913709640503
Adiac,adam-1000-10,8_661424415421452647,176.29355339963547,101.57620239257812
Adiac,adam-1000-10,9_995871663335100876,307.2171079149085,101.14467287063599
Adiac,adam-1000-10,10_1746522545268937265,113.41521281312271,101.32522058486938
Adiac,adam-1000-10,11_1480110328102998678,255.63867272134704,100.88412356376648
Adiac,adam-1000-10,12_779773648012006139,113.90141801989174,100.6958019733429
Adiac,adam-1000-10,13_1047372238224315232,211.934669115885,101.11572551727295
Adiac,adam-1000-10,14_1954678788104606661,161.4677238733272,101.3931450843811
Adiac,adam-1000-10,15_1118682164355355691,122.15400918192319,101.63710379600525
Adiac,adam-1000-10,16_1754102028675011729,114.32230382181938,102.27522039413452
Adiac,adam-1000-10,17_1373280129080841463,307.4198025310521,101.83453059196472
Adiac,adam-1000-10,18_13271106940523869,137.9125728144823,101.40984296798706
Adiac,adam-1000-10,19_2289109543343838658,367.1158773188805,101.98664045333862
Adiac,adam-1000-10,20_1117642026355480104,176.2534201319327,101.49156713485718
Adiac,adam-1000-10,21_2301499939877246605,114.45892394895007,101.51304721832275
Adiac,adam-1000-10,22_406151350556514035,122.27657185239798,101.17761015892029
Adiac,adam-1000-10,23_82998286083381080,129.023852089145,100.85950827598572
Adiac,adam-1000-10,24_1208234637658642364,224.69324091470918,100.4876754283905
Adiac,adam-1000-10,25_182828994083117089,401.4830063379993,100.55495166778564
Adiac,adam-1000-10,26_2046109227268135045,148.6339658302537,100.80768084526062
Adiac,adam-1000-10,27_329873281135368427,128.89094711528028,101.25536227226257
Adiac,adam-1000-10,28_1973511773020969296,232.76346896952728,101.71245288848877
Adiac,adam-1000-10,29_1816398708237359541,113.50647953247,100.93147730827332
Adiac,sgld-120,0_145830427808455148,23.58355576635341,54.27482080459595
Adiac,sgld-120,1_1643964498676505122,35.20056571851689,54.6493558883667
Adiac,sgld-120,2_1143195776096623193,21.695253762546553,54.78245782852173
Adiac,sgld-120,3_1316602503692245647,27.129735556555822,54.07489347457886
Adiac,sgld-120,4_1390226901799754437,36.42942137529707,54.03159427642822
Adiac,sgld-120,5_341799134006041340,25.412701958473964,54.54497265815735
Adiac,sgld-120,6_611119009671633714,30.327000835964476,54.11649465560913
Adiac,sgld-120,7_80948246653393769,30.91017810958567,54.76966953277588
Adiac,sgld-120,8_1340116659363863455,10.344382983216724,54.54572105407715
Adiac,sgld-120,9_2183098480484375509,18.5934017809735,54.36525273323059
Adiac,sgld-120,10_999936557822991372,4.289143998943525,54.4865243434906
Adiac,sgld-120,11_1617930812109839426,10.141131639682776,54.267706871032715
Adiac,sgld-120,12_1509826279111089272,1.5634672749777745,53.95277953147888
Adiac,sgld-120,13_623775488018963631,3.0648998262457114,54.615429639816284
Adiac,sgld-120,14_430757321274514661,7.637518004264058,53.91596579551697
Adiac,sgld-120,15_662144045781835035,25.048136648791353,54.09999680519104
Adiac,sgld-120,16_844449120981048658,20.928878049138586,55.07873582839966
Adiac,sgld-120,17_1042454122713275784,5.809105877529034,54.08545517921448
Adiac,sgld-120,18_298918730278591935,22.415713199285033,54.6772346496582
Adiac,sgld-120,19_2057854760231853557,19.964123326317605,54.7624614238739
Adiac,sgld-120,20_55192736528555565,11.087484401204419,55.13102197647095
Adiac,sgld-120,21_134514254135385699,7.026879698502664,54.034056425094604
Adiac,sgld-120,22_1210857522646703768,1.6152824391727898,53.46647119522095
Adiac,sgld-120,23_1185649019556683471,36.13512901923436,54.98876357078552
Adiac,sgld-120,24_912695257961291525,11.605087684629085,53.88130474090576
Adiac,sgld-120,25_1092810105997975355,34.56388301297527,54.077752113342285
Adiac,sgld-120,26_1545344902734765937,8.533095948231335,54.19589400291443
Adiac,sgld-120,27_1038608580795129767,18.099294821010194,53.77994346618652
Adiac,sgld-120,28_1386466022276947933,18.703093864698136,54.15052795410156
Adiac,sgld-120,29_1598898815588851732,22.049134925313055,55.091776847839355
Beef,ssg-1000-1,0_397174387871539674,18.67884289875271,453.43559074401855
Beef,ssg-1000-1,1_1898883520797303710,19.960192130851865,452.6509199142456
Beef,ssg-1000-1,2_1475601230917494115,19.41673536212419,452.81607842445374
Beef,ssg-1000-1,3_1721506456713783081,17.239844080136287,454.1062424182892
Beef,ssg-1000-1,4_1952883285616453867,18.888871688466143,450.0999903678894
Beef,ssg-1000-1,5_1616560270865820335,21.31363243854587,451.85379552841187
Beef,ssg-1000-1,6_45970582750588021,19.393008504914974,453.31850361824036
Beef,ssg-1000-1,7_780853368430489147,19.788908024369675,454.3183672428131
Beef,ssg-1000-1,8_603745684695773186,19.559578671177448,454.92281460762024
Beef,ssg-1000-1,9_1397371528357048779,19.149966869209873,457.3437924385071
Beef,ssg-1000-1,10_1373694095208706963,19.349825467257038,455.9893786907196
Beef,ssg-1000-1,11_2174781224776070258,18.95531694679948,223.3470160961151
Beef,ssg-1000-1,12_591972114185549367,18.091349547103334,452.31324887275696
Beef,ssg-1000-1,13_1238730692166645755,19.21395438152389,452.28010869026184
Beef,ssg-1000-1,14_2210494461957863876,18.27065785694568,457.42106199264526
Beef,ssg-1000-1,15_76072462340029092,18.72166716184175,223.07397150993347
Beef,ssg-1000-1,16_748115959469276269,19.38355931224547,457.2911653518677
Beef,ssg-1000-1,17_1429241422643953209,17.158660136859687,460.2949855327606
Beef,ssg-1000-1,18_842345205481308161,18.159862728846328,455.74507331848145
Beef,ssg-1000-1,19_2138133952466485701,17.458541477596928,452.56161737442017
Beef,ssg-1000-1,20_473708093746152331,19.114624957327063,453.27780866622925
Beef,ssg-1000-1,21_452319294051026255,19.072794205155414,451.9903633594513
Beef,ssg-1000-1,22_829915776285115897,20.93880796584996,170.16340470314026
Beef,ssg-1000-1,23_378494784827262910,18.669713423399873,452.8038945198059
Beef,ssg-1000-1,24_1183419759731378562,18.57152367735691,452.3486952781677
Beef,ssg-1000-1,25_553903723097066310,18.566291390029924,451.7265992164612
Beef,ssg-1000-1,26_315035921474358537,19.541524293951976,450.8960168361664
Beef,ssg-1000-1,27_1287626524009664206,18.620624470293087,453.4214417934418
Beef,ssg-1000-1,28_1552254783559536785,19.23071471624252,451.1144120693207
Beef,ssg-1000-1,29_613532437694616152,18.168806834563288,454.592493057251
Beef,adam-1000-1,0_1041253456015758368,42.28929892453189,456.184720993042
Beef,adam-1000-1,1_711265827264370167,34.12008286918866,470.85652327537537
Beef,adam-1000-1,2_902903557160146877,39.64317115405723,454.0827548503876
Beef,adam-1000-1,3_1412875192064514434,106.84318072772135,453.220769405365
Beef,adam-1000-1,4_979574701988223820,45.36508791578172,457.8117015361786
Beef,adam-1000-1,5_766963787792620823,41.21287799004657,458.9074659347534
Beef,adam-1000-1,6_2114015615155412701,42.40383159828159,454.58378052711487
Beef,adam-1000-1,7_321806164322394274,44.739610372470835,452.2223949432373
Beef,adam-1000-1,8_1457968912698679908,42.84697718702659,450.4922797679901
Beef,adam-1000-1,9_1098340649485706279,115.4636416131963,450.84369015693665
Beef,adam-1000-1,10_1729312989271008745,45.609671251587656,450.27319526672363
Beef,adam-1000-1,11_319635178613352362,39.60552425148899,448.38829946517944
Beef,adam-1000-1,12_786537843546106217,45.65016517439736,447.2021417617798
Beef,adam-1000-1,13_1569296114278443814,44.500938607726276,445.33914160728455
Beef,adam-1000-1,14_1529714795190136037,60.7598815810391,446.9824769496918
Beef,adam-1000-1,15_513644555090243236,46.45130263278502,446.55899310112
Beef,adam-1000-1,16_481488787780120674,39.20199760069988,445.98574781417847
Beef,adam-1000-1,17_2267659170997580322,44.84465813582886,448.77429032325745
Beef,adam-1000-1,18_2229227941071926246,39.89011590342579,451.983008146286
Beef,adam-1000-1,19_1177537922278602152,103.43881709700885,449.5435175895691
Beef,adam-1000-1,20_1164397658815051629,46.37150493461569,452.99390411376953
Beef,adam-1000-1,21_2030633601107212594,38.90322615388923,453.3753457069397
Beef,adam-1000-1,22_1249843456188594936,45.73384379144093,453.66102361679077
Beef,adam-1000-1,23_1103361569333951679,39.675278858301816,454.9360845088959
Beef,adam-1000-1,24_1884919173368757890,139.34820164369575,451.3386015892029
Beef,adam-1000-1,25_1429516850306728008,38.4412603507394,453.80213260650635
Beef,adam-1000-1,26_1759926141767369230,40.01277526746822,454.1429316997528
Beef,adam-1000-1,27_1130358428086551506,42.780357897891285,451.72659254074097
Beef,adam-1000-1,28_881343783406912922,41.40191572237359,455.8914098739624
Beef,adam-1000-1,29_2012925416586069856,38.548648778859416,454.49041748046875
Beef,ssg-1000-10,0_417484566659844390,32.00709458128367,453.3072648048401
Beef,ssg-1000-10,1_2253029069278399210,23.7571891436189,452.79567193984985
Beef,ssg-1000-10,2_2230316457583430829,26.147764264498083,450.98979330062866
Beef,ssg-1000-10,3_1584048261788323439,36.260114012530984,449.7193355560303
Beef,ssg-1000-10,4_274623921351282740,35.132056650312876,452.4318194389343
Beef,ssg-1000-10,5_1959705205511016951,39.5261430616317,451.7304401397705
Beef,ssg-1000-10,6_167230772375704506,23.209642830278543,450.2223126888275
Beef,ssg-1000-10,7_355442973795145081,34.379576855739906,447.08127760887146
Beef,ssg-1000-10,8_856658098095904569,36.912257045704784,448.21704745292664
Beef,ssg-1000-10,9_403180470138296570,36.29550372477848,448.8030183315277
Beef,ssg-1000-10,10_1585579881485818556,33.504606444157545,450.5123550891876
Beef,ssg-1000-10,11_745661849516104832,38.28375229806448,451.6354250907898
Beef,ssg-1000-10,12_447218109853982278,50.79600619271211,453.8701961040497
Beef,ssg-1000-10,13_2153213754441457674,35.81994239848716,452.7394640445709
Beef,ssg-1000-10,14_740479301458584016,37.62030989378248,453.3869733810425
Beef,ssg-1000-10,15_1727672517922382741,26.183279059233534,453.4277677536011
Beef,ssg-1000-10,16_478576181478155611,22.07717753988574,453.4579246044159
Beef,ssg-1000-10,17_2027972233212192547,33.855445563379675,456.6716058254242
Beef,ssg-1000-10,18_892976616428792042,22.45315582014291,454.5074260234833
Beef,ssg-1000-10,19_639385804354349742,37.033297109261305,451.8896279335022
Beef,ssg-1000-10,20_2076270480485510260,31.72942647195988,454.62278389930725
Beef,ssg-1000-10,21_435609466087927352,51.75639351839466,451.288094997406
Beef,ssg-1000-10,22_1472884337685295100,35.752005054682364,452.4494752883911
Beef,ssg-1000-10,23_595537280638644672,61.641532285416815,451.61915397644043
Beef,ssg-1000-10,24_725763437832434567,33.3737566118669,455.0561285018921
Beef,ssg-1000-10,25_2255057668231656779,36.94413700856185,452.6628737449646
Beef,ssg-1000-10,26_1009002031194044177,34.831015121695856,453.4592316150665
Beef,ssg-1000-10,27_1333462964748417236,36.16999932419878,451.14036440849304
Beef,ssg-1000-10,28_1986146810891598489,36.61231713137061,453.2826907634735
Beef,ssg-1000-10,29_323502161008262240,35.72897987459987,454.2784814834595
Beef,adam-1000-10,0_1936938717746298407,61.22829119877776,455.69891715049744
Beef,adam-1000-10,1_1136799367202078699,61.04703347993689,451.6526606082916
Beef,adam-1000-10,2_2273721878113157550,60.20328815438333,451.49246644973755
Beef,adam-1000-10,3_1396037270996779888,99.5740787806505,449.6189978122711
Beef,adam-1000-10,4_1825857806771160372,65.47517109872102,452.18608260154724
Beef,adam-1000-10,5_374415046932432631,59.17220573935986,450.37004041671753
Beef,adam-1000-10,6_1191509416532773048,61.47184702807101,449.35403847694397
Beef,adam-1000-10,7_1260883102687300218,64.49194885089369,450.0297646522522
Beef,adam-1000-10,8_1485989416776764479,52.200645166430014,453.097305059433
Beef,adam-1000-10,9_1158007846990253571,54.79940860485581,451.85741901397705
Beef,adam-1000-10,10_2059118648848027589,53.70447211421281,450.3904917240143
Beef,adam-1000-10,11_719981106181968266,61.470419866387246,452.41892743110657
Beef,adam-1000-10,12_1984355706449957710,65.49381995832542,452.5480172634125
Beef,adam-1000-10,13_32178858647622934,63.59410056858376,455.15305399894714
Beef,adam-1000-10,14_2041700185640802013,56.73348973371334,455.87117743492126
Beef,adam-1000-10,15_482098466977749155,59.06393169738203,453.3232958316803
Beef,adam-1000-10,16_1416952181180340841,55.90848438711937,454.40509009361267
Beef,adam-1000-10,17_2280027577298459691,68.15471626642774,450.37391448020935
Beef,adam-1000-10,18_493752190720548338,61.87203718258787,454.22497177124023
Beef,adam-1000-10,19_1728222823492100022,467.8999559883015,452.53502368927
Beef,adam-1000-10,20_769320590966792569,59.56024734505586,450.58371567726135
Beef,adam-1000-10,21_89989530768646975,59.68019645528064,453.7049744129181
Beef,adam-1000-10,22_1514753740471018755,466.41530984110096,452.6175022125244
Beef,adam-1000-10,23_675030871815235269,58.66594552278871,449.6354925632477
Beef,adam-1000-10,24_1894772446821099657,99.58760476575793,452.5286285877228
Beef,adam-1000-10,25_625330197460691533,89.52893017210873,451.4490442276001
Beef,adam-1000-10,26_1172668735035026450,60.66864140287489,453.23700642585754
Beef,adam-1000-10,27_332816673762979285,288.99403789516697,450.6354327201843
Beef,adam-1000-10,28_73013620991602585,59.164475773290135,451.8869230747223
Beef,adam-1000-10,29_231997504809873759,57.65263400259211,454.06854581832886
Beef,sgld-120,0_593713190848180635,-0.13499249687571874,60.15625238418579
Beef,sgld-120,1_1794199568472617423,-0.12452265655680184,52.520148277282715
Beef,sgld-120,2_509535680137277960,-0.15088281641027318,56.44248938560486
Beef,sgld-120,3_247656199656845886,-0.3119572792848093,53.886000633239746
Beef,sgld-120,4_24870954613617271,-0.27931235822249956,56.90305256843567
Beef,sgld-120,5_37562617333035694,-0.3471537829006456,55.00515580177307
Beef,sgld-120,6_1244654860817150691,-0.33604034298346086,53.52312231063843
Beef,sgld-120,7_599880351568376604,-0.06147696164813171,56.72000002861023
Beef,sgld-120,8_71779419189424981,-0.18895453737366308,56.77063488960266
Beef,sgld-120,9_1801599281727550349,-0.24336430819155688,56.74987983703613
Beef,sgld-120,10_1433572398945809352,-0.15534610797322046,58.840027809143066
Beef,sgld-120,11_2165035153707512841,-0.07589842113528417,65.3168683052063
Beef,sgld-120,12_2198182680505889854,-0.14466355068193082,53.01393103599548
Beef,sgld-120,13_2287911075669619827,-0.31444142562636235,53.03856110572815
Beef,sgld-120,14_799468650044601514,-0.23266329629551652,54.35414266586304
Beef,sgld-120,15_237018424658113766,-0.13208791007519266,59.75575017929077
Beef,sgld-120,16_859427218130482463,-0.16808184593709263,57.269591331481934
Beef,sgld-120,17_1199037222892352854,-0.09269914618389918,55.146929025650024
Beef,sgld-120,18_69682100759442829,-0.06620638497814596,54.5099081993103
Beef,sgld-120,19_1506370514065044937,-0.3278903076229012,60.62270975112915
Beef,sgld-120,20_1088232839091598848,-0.22864376861792501,54.818329095840454
Beef,sgld-120,21_2053070785139455547,-0.3330807524762124,59.417771100997925
Beef,sgld-120,22_1053047367491139185,-0.2870128503052715,53.565837144851685
Beef,sgld-120,23_1477054235533653670,-0.25707107333611057,53.183576822280884
Beef,sgld-120,24_1345780243758593758,-0.0641720985580308,55.942649364471436
Beef,sgld-120,25_181777860967020309,-0.04421655668792257,54.494858503341675
Beef,sgld-120,26_839233037818935117,-0.06327976930048501,56.28456997871399
Beef,sgld-120,27_365135718549829510,-0.23718812499892863,56.794063091278076
Beef,sgld-120,28_1827725877026764732,-0.3860904237979452,54.63397216796875
Beef,sgld-120,29_1670662290266404852,-0.054676531143046825,55.93156099319458
CBF,ssg-1000-1,0_896429082940028977,18.990568006919478,60.635507583618164
CBF,ssg-1000-1,1_1358535128396609646,19.2748514031327,61.20006799697876
CBF,ssg-1000-1,2_1939824935769225387,18.419430594997074,61.251734256744385
CBF,ssg-1000-1,3_314034816137312489,18.694175571591874,61.294156551361084
CBF,ssg-1000-1,4_1152042446653765926,18.656834013575676,61.36306309700012
CBF,ssg-1000-1,5_1817901190876772707,18.55792241160515,61.28844118118286
CBF,ssg-1000-1,6_605796823637440929,18.937603810688056,61.47395038604736
CBF,ssg-1000-1,7_668021485188168159,19.032783163655797,62.02667593955994
CBF,ssg-1000-1,8_1426129804737395228,18.438452295922406,61.32841372489929
CBF,ssg-1000-1,9_1655089907082213977,18.863063277687715,61.09898805618286
CBF,ssg-1000-1,10_1860624364441451158,18.3751560252367,61.08882522583008
CBF,ssg-1000-1,11_481968174849866452,18.81226220284766,61.401756048202515
CBF,ssg-1000-1,12_1026380362226875153,18.630591862147824,61.235769510269165
CBF,ssg-1000-1,13_1006240607740902222,18.93280703878919,60.99087738990784
CBF,ssg-1000-1,14_133978791972715403,19.150322476402003,60.62139272689819
CBF,ssg-1000-1,15_2079717449438608327,19.120774148515835,60.8434362411499
CBF,ssg-1000-1,16_723169140146715652,18.241255666322886,60.41101360321045
CBF,ssg-1000-1,17_1686580469857532993,19.185943728881394,61.41746950149536
CBF,ssg-1000-1,18_588248068302322814,18.871376492409123,60.523314237594604
CBF,ssg-1000-1,19_725497356018531514,19.234748748426647,60.059163331985474
CBF,ssg-1000-1,20_1876866350206958839,19.0778675786208,61.498939990997314
CBF,ssg-1000-1,21_1787476604624583988,19.34713353593125,60.96088695526123
CBF,ssg-1000-1,22_1703621800576433521,19.113344586436096,60.96330404281616
CBF,ssg-1000-1,23_933657447144897967,18.882253917059515,61.6657133102417
CBF,ssg-1000-1,24_1650925506792013292,18.664618358232623,61.31066060066223
CBF,ssg-1000-1,25_1568990999801773609,18.67147951708749,60.96410036087036
CBF,ssg-1000-1,26_189628373989342823,18.962387162032133,61.4014458656311
CBF,ssg-1000-1,27_1655368083524042403,18.835109714612635,60.63532114028931
CBF,ssg-1000-1,28_1473663891429408480,18.868901094883984,60.920562744140625
CBF,ssg-1000-1,29_1125529373017390877,19.14323152231218,60.84865617752075
CBF,adam-1000-1,0_1284225184789184346,22.543844616363174,61.06820774078369
CBF,adam-1000-1,1_1652357070931378071,21.461672934342943,61.15934896469116
CBF,adam-1000-1,2_2038012423641251796,24.429380346036567,61.166942834854126
CBF,adam-1000-1,3_2070469457137385489,21.41403299754592,61.0137619972229
CBF,adam-1000-1,4_2006560893528719438,21.299731850049582,60.97198462486267
CBF,adam-1000-1,5_1757644655139766411,22.663802379988155,60.89172148704529
CBF,adam-1000-1,6_474459060187971785,22.646700136695827,61.443180561065674
CBF,adam-1000-1,7_2116214638411006214,25.784386237709995,61.71166110038757
CBF,adam-1000-1,8_215746173195534660,23.724591618430424,61.17545223236084
CBF,adam-1000-1,9_229223986728812930,22.355922249218185,62.005478382110596
CBF,adam-1000-1,10_908563843019981247,22.528960782608685,61.294299364089966
CBF,adam-1000-1,11_1467462645848752636,24.53563925823608,61.242032527923584
CBF,adam-1000-1,12_15947867998405178,23.951145393634338,61.370145082473755
CBF,adam-1000-1,13_1922766012864283255,26.109231388881,61.826643228530884
CBF,adam-1000-1,14_1380876105161392821,21.713441832394675,61.76469612121582
CBF,adam-1000-1,15_2024969466956759793,23.24064036100005,60.27900981903076
CBF,adam-1000-1,16_695459248103506735,21.653491747148273,61.423083543777466
CBF,adam-1000-1,17_920589751448781676,22.242619871912854,61.09729981422424
CBF,adam-1000-1,18_2142126279186989993,21.28232834312713,61.52942609786987
CBF,adam-1000-1,19_1164636252838314983,24.38211726761411,61.57574439048767
CBF,adam-1000-1,20_1825067257910805540,23.346882770581445,61.28610372543335
CBF,adam-1000-1,21_1957745326034535522,25.34067086494828,62.05718231201172
CBF,adam-1000-1,22_2155793758476059807,27.611709534306126,61.085525035858154
CBF,adam-1000-1,23_1750260335047623901,21.174575285394987,61.82378625869751
CBF,adam-1000-1,24_419408162252670235,24.219693852672485,61.42248868942261
CBF,adam-1000-1,25_1353430645664662873,30.145911740653823,62.40470886230469
CBF,adam-1000-1,26_1896649862925534614,23.877988602119945,61.23504567146301
CBF,adam-1000-1,27_585793408593315284,22.550192349228592,61.43115520477295
CBF,adam-1000-1,28_348004227877455378,22.437204228621688,61.896504402160645
CBF,adam-1000-1,29_1624154597678925391,21.91407084762471,61.55304789543152
CBF,ssg-1000-10,0_789121695871420044,20.500287208943796,60.63712000846863
CBF,ssg-1000-10,1_7135282301781705,21.56855063010084,60.66055345535278
CBF,ssg-1000-10,2_1900676824262264581,23.348319940513587,60.82084774971008
CBF,ssg-1000-10,3_1594480977868506946,22.953347551931163,60.866889238357544
CBF,ssg-1000-10,4_1151116108107368319,20.87626929263049,60.80740571022034
CBF,ssg-1000-10,5_1511945587773687740,21.950751931479132,61.15609693527222
CBF,ssg-1000-10,6_939678372818601977,22.54811409797981,60.75150394439697
CBF,ssg-1000-10,7_1346633464781752374,22.584895356742866,61.17616510391235
CBF,ssg-1000-10,8_1864211521127073907,20.977007389119507,61.22415542602539
CBF,ssg-1000-10,9_2012328381772220592,21.683983721688715,61.06391191482544
CBF,ssg-1000-10,10_907850259973556461,23.00798950314924,60.520596504211426
CBF,ssg-1000-10,11_889282257359489322,22.426403929324096,60.9915988445282
CBF,ssg-1000-10,12_1606214965960132966,21.8379560718103,60.31061625480652
CBF,ssg-1000-10,13_702757256532871588,21.00400508898676,61.60784935951233
CBF,ssg-1000-10,14_1493271482287540705,23.892011557680153,61.3424756526947
CBF,ssg-1000-10,15_1095202643300076063,22.367734895387205,61.827048540115356
CBF,ssg-1000-10,16_1114885000948894300,23.092077898489865,61.007936000823975
CBF,ssg-1000-10,17_304511396173335194,21.70916670607524,61.64824891090393
CBF,ssg-1000-10,18_1935258114223262422,21.365786658898486,60.70687389373779
CBF,ssg-1000-10,19_433759537774218005,20.716907212043715,62.348414182662964
CBF,ssg-1000-10,20_1267847409337650002,20.6335105747401,61.36137127876282
CBF,ssg-1000-10,21_2099732409354832783,22.631372201167757,61.360400676727295
CBF,ssg-1000-10,22_1608863139715632076,20.5089546233391,60.786779165267944
CBF,ssg-1000-10,23_1553439507338513417,22.414230397000427,60.9755961894989
CBF,ssg-1000-10,24_211587270463474758,21.37133306885415,60.41768932342529
CBF,ssg-1000-10,25_1814642788167863427,21.891888635607657,61.69487929344177
CBF,ssg-1000-10,26_2021756144224586944,21.687686132800884,61.08944821357727
CBF,ssg-1000-10,27_1024592556320115966,22.19396872860068,61.56721019744873
CBF,ssg-1000-10,28_848471134515514684,22.804961504581414,61.92323303222656
CBF,ssg-1000-10,29_130546116670803322,22.10360817879862,61.688276529312134
CBF,adam-1000-10,0_1146774136689282487,28.94282772925564,61.43999934196472
CBF,adam-1000-10,1_700062353533193717,32.329018097036645,61.805909395217896
CBF,adam-1000-10,2_2026711643130973746,25.600363704112016,61.574991941452026
CBF,adam-1000-10,3_1431974808550657649,32.14900793064515,62.74171304702759
CBF,adam-1000-10,4_2288329439843995310,28.759863904467863,61.37106013298035
CBF,adam-1000-10,5_1338436055840870125,29.565787069174217,62.587726354599
CBF,adam-1000-10,6_1743584100443770666,30.183312040794302,61.17539858818054
CBF,adam-1000-10,7_1975737184555650920,32.64937602920344,62.10036563873291
CBF,adam-1000-10,8_721980018321280935,29.054972488592224,62.45594668388367
CBF,adam-1000-10,9_128342145612926949,30.779418866933803,61.74225091934204
CBF,adam-1000-10,10_300344247104065571,27.67393855281944,62.07423996925354
CBF,adam-1000-10,11_893534068824100960,26.413196221857994,61.25695085525513
CBF,adam-1000-10,12_602521378498302110,27.38205822277183,61.87346386909485
CBF,adam-1000-10,13_1777866323242012891,29.056055339420716,61.50934410095215
CBF,adam-1000-10,14_1150684549793468697,28.555168025958512,61.727680683135986
CBF,adam-1000-10,15_38414738844569943,29.043688823980776,61.51726484298706
CBF,adam-1000-10,16_138188821995475348,29.859376907697342,61.0429322719574
CBF,adam-1000-10,17_940524447016178129,23.89341880993079,61.34764838218689
CBF,adam-1000-10,18_345959136249795087,27.525921458818924,61.74179244041443
CBF,adam-1000-10,19_918823386018763340,29.909050791945916,61.24802374839783
CBF,adam-1000-10,20_400749999685128842,29.79171556909272,61.77490043640137
CBF,adam-1000-10,21_1572676013022270151,29.690068465893667,61.50789403915405
CBF,adam-1000-10,22_423005214542942981,29.07026232763198,61.50105333328247
CBF,adam-1000-10,23_445939927586722626,30.775893180512487,61.00954055786133
CBF,adam-1000-10,24_5615757232198529,32.97387535831584,62.8086142539978
CBF,adam-1000-10,25_1464343331360756670,28.560735818885178,61.63222312927246
CBF,adam-1000-10,26_2140239517233730556,34.39626799311413,62.292773962020874
CBF,adam-1000-10,27_1484643614544385082,31.598961737626645,61.715333223342896
CBF,adam-1000-10,28_447176328412157049,35.379849899550464,62.54969525337219
CBF,adam-1000-10,29_2260891127172846774,35.79134333169432,61.78614830970764
CBF,sgld-120,0_533197170367026393,2.111578694873404,34.24956011772156
CBF,sgld-120,1_819396748542235899,1.3442980856576625,34.12377715110779
CBF,sgld-120,2_684949566209414429,1.623133605602541,33.94135355949402
CBF,sgld-120,3_793427383405794623,2.0169954790855606,34.04658365249634
CBF,sgld-120,4_1257405897164477793,2.0699329259245465,34.200846433639526
CBF,sgld-120,5_1173320195674494339,1.3733945579953604,33.96312117576599
CBF,sgld-120,6_1035912578283885989,2.0964316296310295,33.94008445739746
CBF,sgld-120,7_1728168947422352839,2.674291326426043,34.29985690116882
CBF,sgld-120,8_1179391698883073513,2.159484757541536,33.76148557662964
CBF,sgld-120,9_649320441667147275,2.746582409709353,33.769779205322266
CBF,sgld-120,10_1853580892953925164,1.399939217668218,33.52190566062927
CBF,sgld-120,11_1586820680357795406,2.792199527310471,33.8839852809906
CBF,sgld-120,12_1178662722673858160,2.397069319642622,33.822580099105835
CBF,sgld-120,13_1688805881392158354,2.52363848723053,34.22081732749939
CBF,sgld-120,14_237874944216159925,2.820446036797902,34.37039065361023
CBF,sgld-120,15_2173951093497157334,2.2876113831563427,33.839314222335815
CBF,sgld-120,16_1518011043668317944,2.6057195422168977,33.715190172195435
CBF,sgld-120,17_129113453019813659,1.4542132486574766,34.397337198257446
CBF,sgld-120,18_429349396635211581,1.1251656413127133,34.12987661361694
CBF,sgld-120,19_779087552756340575,1.3414307153418363,34.15134882926941
CBF,sgld-120,20_515344949822642049,2.0565479378780935,33.88502860069275
CBF,sgld-120,21_269391345514731427,2.6222449557394203,33.892980098724365
CBF,sgld-120,22_306437190789388229,1.2875922099983967,34.01575756072998
CBF,sgld-120,23_627973423413876711,2.1096247209166776,34.13912081718445
CBF,sgld-120,24_1919629655946057736,2.397786943670358,33.559813499450684
CBF,sgld-120,25_486406903291205675,1.1836709578637135,34.378127098083496
CBF,sgld-120,26_253674376551487565,2.500136579390741,33.89869403839111
CBF,sgld-120,27_2179658108601129070,2.1369288470159287,33.83494567871094
CBF,sgld-120,28_1812476200505333904,1.9717124391234506,33.84039568901062
CBF,sgld-120,29_1036154470841997490,1.323292598126105,33.66298460960388
ChlorineConcentration,ssg-1000-1,0_923414946576357813,25.229144967621384,258.8295090198517
ChlorineConcentration,ssg-1000-1,1_2078232558985304765,20.202194330367814,264.5004029273987
ChlorineConcentration,ssg-1000-1,2_798636319742385092,20.150372472346533,262.44464921951294
ChlorineConcentration,ssg-1000-1,3_1449356438118358220,24.990639730137715,264.28182101249695
ChlorineConcentration,ssg-1000-1,4_1030697594633346517,24.912894481267113,264.81798696517944
ChlorineConcentration,ssg-1000-1,5_908876654078090972,20.22846051389198,262.94672298431396
ChlorineConcentration,ssg-1000-1,6_518894723112919011,24.112396460851805,262.83052587509155
ChlorineConcentration,ssg-1000-1,7_2223503333781954795,17.867930906283075,264.7389130592346
ChlorineConcentration,ssg-1000-1,8_301681253243445747,20.89838670698499,263.1661672592163
ChlorineConcentration,ssg-1000-1,9_2103603789796238073,22.735197819865796,262.7810637950897
ChlorineConcentration,ssg-1000-1,10_1499808628670489601,20.117916595281304,263.73781180381775
ChlorineConcentration,ssg-1000-1,11_60647963469833478,22.121184951207596,260.3754987716675
ChlorineConcentration,ssg-1000-1,12_1432381627852940812,24.99755067006901,262.5945146083832
ChlorineConcentration,ssg-1000-1,13_497177169441089298,23.47126628865627,261.5939996242523
ChlorineConcentration,ssg-1000-1,14_1472645193906284568,23.92136691500369,262.422728061676
ChlorineConcentration,ssg-1000-1,15_351448997807286560,23.29885412823251,263.5133514404297
ChlorineConcentration,ssg-1000-1,16_1813343165423839781,34.41217348636357,261.63360023498535
ChlorineConcentration,ssg-1000-1,17_1186439568417123117,28.97401339185661,263.72774362564087
ChlorineConcentration,ssg-1000-1,18_1282994281521900594,22.96223991545607,261.0414981842041
ChlorineConcentration,ssg-1000-1,19_306729660882382135,26.16493894588892,260.57624769210815
ChlorineConcentration,ssg-1000-1,20_1699261687216500286,192.69972195079222,263.6035306453705
ChlorineConcentration,ssg-1000-1,21_1970051609928429379,130.196985913076,261.1170608997345
ChlorineConcentration,ssg-1000-1,22_278493652525281356,21.7829979222133,264.2660057544708
ChlorineConcentration,ssg-1000-1,23_1987391458054271314,23.086377891357714,262.74074721336365
ChlorineConcentration,ssg-1000-1,24_769202393466827352,29.124720998821303,261.4713156223297
ChlorineConcentration,ssg-1000-1,25_1502408973670183776,20.795332447825555,264.3175964355469
ChlorineConcentration,ssg-1000-1,26_717789779507836007,25.1544008124367,262.65934777259827
ChlorineConcentration,ssg-1000-1,27_2112009006434776429,22.285958150013983,262.6040437221527
ChlorineConcentration,ssg-1000-1,28_1075836945000068722,22.62016713544598,260.5502529144287
ChlorineConcentration,ssg-1000-1,29_1076817159616231288,22.390228608733786,262.00009202957153
ChlorineConcentration,adam-1000-1,0_1287358792928360575,22.390491268538693,263.0906105041504
ChlorineConcentration,adam-1000-1,1_1539934755770366339,18.68497853620677,260.109215259552
ChlorineConcentration,adam-1000-1,2_1114548000634993288,26.74196803249012,260.81519961357117
ChlorineConcentration,adam-1000-1,3_905191640857607057,23.22352265610517,264.9088544845581
ChlorineConcentration,adam-1000-1,4_1790822418507922581,29.154667642669768,260.3836808204651
ChlorineConcentration,adam-1000-1,5_1581963037986291099,23.003895253230713,261.90909576416016
ChlorineConcentration,adam-1000-1,6_1566033313523072674,23.746843258694437,262.9927659034729
ChlorineConcentration,adam-1000-1,7_1198335734473850792,21.210168583780227,261.84021830558777
ChlorineConcentration,adam-1000-1,8_998379099602321585,27.629303134603532,264.91297030448914
ChlorineConcentration,adam-1000-1,9_1622955030493036985,23.378616920030556,264.27054381370544
ChlorineConcentration,adam-1000-1,10_354720044899926721,18.91033316769652,263.44968938827515
ChlorineConcentration,adam-1000-1,11_1451051335292584902,22.75889866338834,261.4751298427582
ChlorineConcentration,adam-1000-1,12_771454743036331210,23.11460412735993,259.7048683166504
ChlorineConcentration,adam-1000-1,13_355905318434670034,18.53821505566998,263.81947088241577
ChlorineConcentration,adam-1000-1,14_640566130086807253,20.350556295516654,259.123113155365
ChlorineConcentration,adam-1000-1,15_1840908471688005596,23.43856595093577,263.52019691467285
ChlorineConcentration,adam-1000-1,16_2184819765937735906,22.314915483937053,262.1487600803375
ChlorineConcentration,adam-1000-1,17_1489900379636795881,24.583918930215187,262.6982867717743
ChlorineConcentration,adam-1000-1,18_739449059063401198,18.951212816268157,260.6741831302643
ChlorineConcentration,adam-1000-1,19_1743309772292656114,23.61294106725793,260.43491196632385
ChlorineConcentration,adam-1000-1,20_544911917005180153,21.814160351318954,262.4798655509949
ChlorineConcentration,adam-1000-1,21_414013958206819837,26.778018412703748,259.9428608417511
ChlorineConcentration,adam-1000-1,22_2085672954170478337,23.18305159196987,260.7245919704437
ChlorineConcentration,adam-1000-1,23_416166744461318,22.491531937602385,260.09526538848877
ChlorineConcentration,adam-1000-1,24_1454316884827083016,22.703632506784174,258.6300959587097
ChlorineConcentration,adam-1000-1,25_228481816380084748,21.913431406696674,259.46767115592957
ChlorineConcentration,adam-1000-1,26_1267360875442377488,20.043016171368947,260.45020484924316
ChlorineConcentration,adam-1000-1,27_1796130310891017236,22.89184195478087,260.2288303375244
ChlorineConcentration,adam-1000-1,28_1439942419561354518,25.88368322988953,257.8451850414276
ChlorineConcentration,adam-1000-1,29_726542441820755485,23.331097283554897,262.69021558761597
ChlorineConcentration,ssg-1000-10,0_1586380875706701604,25.956704138463394,263.372211933136
ChlorineConcentration,ssg-1000-10,1_1671132331487303722,22.434141750651154,262.03638100624084
ChlorineConcentration,ssg-1000-10,2_1730646696875563312,19.274186450490845,262.0254466533661
ChlorineConcentration,ssg-1000-10,3_2090016025100196408,25.311857375658317,264.15550684928894
ChlorineConcentration,ssg-1000-10,4_749131908213414719,22.568600394908533,262.4181749820709
ChlorineConcentration,ssg-1000-10,5_1745116819652910148,89.22788961690443,261.4316246509552
ChlorineConcentration,ssg-1000-10,6_1254186527118368075,24.766878733084777,262.78677129745483
ChlorineConcentration,ssg-1000-10,7_1493260487171284563,23.679863860036047,264.1032519340515
ChlorineConcentration,ssg-1000-10,8_501560922301046620,21.95546833398953,264.56950855255127
ChlorineConcentration,ssg-1000-10,9_170646405247443044,24.989785997748925,263.8561165332794
ChlorineConcentration,ssg-1000-10,10_586427277046751596,109.46767006028587,264.1799681186676
ChlorineConcentration,ssg-1000-10,11_2087275492367966837,21.763001979903102,265.6505424976349
ChlorineConcentration,ssg-1000-10,12_420399921740948348,28.479794812884933,262.2768063545227
ChlorineConcentration,ssg-1000-10,13_97294686023623811,36.06779815141592,262.85953068733215
ChlorineConcentration,ssg-1000-10,14_1263838040186987909,241.62828038306384,258.5054268836975
ChlorineConcentration,ssg-1000-10,15_165068033003923083,22.620419346062178,261.5231466293335
ChlorineConcentration,ssg-1000-10,16_1786270440368940944,18.590923171922217,261.7027475833893
ChlorineConcentration,ssg-1000-10,17_841347948434991255,25.31090382356968,262.5898792743683
ChlorineConcentration,ssg-1000-10,18_881717067604601246,22.547330423774653,263.0171890258789
ChlorineConcentration,ssg-1000-10,19_1583882785288399526,22.28632347022996,264.30410742759705
ChlorineConcentration,ssg-1000-10,20_1478107017917279152,23.808085009107668,265.9537498950958
ChlorineConcentration,ssg-1000-10,21_216603792265227448,24.0021009755171,263.4525320529938
ChlorineConcentration,ssg-1000-10,22_564709173619109313,26.587903033280906,265.15062856674194
ChlorineConcentration,ssg-1000-10,23_1033991181714370251,22.728085483738177,266.20310521125793
ChlorineConcentration,ssg-1000-10,24_1851885995779731411,26.725692408208424,264.35432386398315
ChlorineConcentration,ssg-1000-10,25_937972480528134363,19.639616670252522,263.6032431125641
ChlorineConcentration,ssg-1000-10,26_1564542925511635429,24.707364865279885,266.27136611938477
ChlorineConcentration,ssg-1000-10,27_401005086382797550,19.066072433904367,264.4950361251831
ChlorineConcentration,ssg-1000-10,28_229978251705496565,21.086547489866593,262.925448179245
ChlorineConcentration,ssg-1000-10,29_832988361529013498,21.116615231679074,261.2611417770386
ChlorineConcentration,adam-1000-10,0_2211508761434568188,205.55386074947373,258.59715700149536
ChlorineConcentration,adam-1000-10,1_1557458222338062083,25.761966370773514,262.7160029411316
ChlorineConcentration,adam-1000-10,2_1754507748465752072,26.006993666721904,261.0850899219513
ChlorineConcentration,adam-1000-10,3_1100962984718022926,20.169938111643116,261.7162404060364
ChlorineConcentration,adam-1000-10,4_349683731888912918,22.950723390055177,263.6738259792328
ChlorineConcentration,adam-1000-10,5_102654805209037596,25.619012885696254,261.89251017570496
ChlorineConcentration,adam-1000-10,6_1850141620582267940,23.28587025309305,264.75752115249634
ChlorineConcentration,adam-1000-10,7_1475959671708237101,23.66690249108213,264.83739972114563
ChlorineConcentration,adam-1000-10,8_1350695610490601009,26.667573114786858,259.94537019729614
ChlorineConcentration,adam-1000-10,9_1485051533358317368,23.375817731514903,263.05794191360474
ChlorineConcentration,adam-1000-10,10_1248836853293432892,16.786751143107928,259.8971185684204
ChlorineConcentration,adam-1000-10,11_99019270011797826,21.743962513455305,261.5009922981262
ChlorineConcentration,adam-1000-10,12_2001966584192090694,25.53155050117164,260.82488560676575
ChlorineConcentration,adam-1000-10,13_1066011159338468174,24.089310522832736,263.59374809265137
ChlorineConcentration,adam-1000-10,14_2276495945950086229,19.85118680538932,263.5246343612671
ChlorineConcentration,adam-1000-10,15_1653229533408052572,27.20741902543861,262.72935461997986
ChlorineConcentration,adam-1000-10,16_2067821833137735770,26.736245428892214,766.1794736385345
ChlorineConcentration,adam-1000-10,17_1627222784876267871,21.077530773019813,260.80849838256836
ChlorineConcentration,adam-1000-10,18_2075204503962438247,25.285736453844276,264.1939477920532
ChlorineConcentration,adam-1000-10,19_1675778317870484334,23.260963887047783,262.8264100551605
ChlorineConcentration,adam-1000-10,20_2088150703623687283,22.22507286374436,261.17847204208374
ChlorineConcentration,adam-1000-10,21_2124309792770542970,20.97498656089023,263.0152976512909
ChlorineConcentration,adam-1000-10,22_1200939378008444551,20.590361659783337,268.59914803504944
ChlorineConcentration,adam-1000-10,23_1063063368664403859,25.52057915649842,267.93983697891235
ChlorineConcentration,adam-1000-10,24_1071145878640185498,30.38870652554206,263.0031244754791
ChlorineConcentration,adam-1000-10,25_1511659714750501281,21.60857664466471,263.19065499305725
ChlorineConcentration,adam-1000-10,26_1585738760916095657,25.58206504641988,264.0317349433899
ChlorineConcentration,adam-1000-10,27_1211140097135137714,22.44686857801964,264.8371648788452
ChlorineConcentration,adam-1000-10,28_567577799455986877,23.29578960308257,266.72053050994873
ChlorineConcentration,adam-1000-10,29_1500983456844797384,22.643796546063577,267.4041829109192
ChlorineConcentration,sgld-120,0_1063339346082977463,1.114384440683171,238.80938720703125
ChlorineConcentration,sgld-120,1_773631226303535014,2.4159654292482755,238.8740165233612
ChlorineConcentration,sgld-120,2_1631150240410687638,1.8717941674658731,240.37128710746765
ChlorineConcentration,sgld-120,3_1630958925387454857,2.571166903572861,242.9995756149292
ChlorineConcentration,sgld-120,4_1444685712723597942,1.0216292548655945,236.91885900497437
ChlorineConcentration,sgld-120,5_1374343906580814695,1.5379199498373863,240.9691550731659
ChlorineConcentration,sgld-120,6_1986101181159103575,1.2201214555063498,240.26497745513916
ChlorineConcentration,sgld-120,7_1391803051718270281,1.2073476228407296,241.74182200431824
ChlorineConcentration,sgld-120,8_846170406434430521,2.1240358910663413,239.76302814483643
ChlorineConcentration,sgld-120,9_1523315087760744235,2.7091399633450015,242.29329705238342
ChlorineConcentration,sgld-120,10_2194933623645855767,1.8900402812749268,236.29096603393555
ChlorineConcentration,sgld-120,11_1380287316684759300,1.9077118099910004,236.6462917327881
ChlorineConcentration,sgld-120,12_60997058411684337,2.3429523583441805,236.42749571800232
ChlorineConcentration,sgld-120,13_1592572225682727645,1.6084803739664741,236.66388154029846
ChlorineConcentration,sgld-120,14_1152740086781633484,1.3305634805312299,238.80887818336487
ChlorineConcentration,sgld-120,15_2200250861877781690,2.9289958580839586,238.45394253730774
ChlorineConcentration,sgld-120,16_164257143178454441,2.858630094379567,238.11667704582214
ChlorineConcentration,sgld-120,17_366094492689295000,2.4057482941340504,239.08720016479492
ChlorineConcentration,sgld-120,18_693878700138620808,2.656365205200999,240.14154267311096
ChlorineConcentration,sgld-120,19_413947987509176439,2.576394875212743,238.87821793556213
ChlorineConcentration,sgld-120,20_2062085680975636840,1.2609945929114224,241.71445441246033
ChlorineConcentration,sgld-120,21_1757412658186349142,1.20553886386198,237.86754894256592
ChlorineConcentration,sgld-120,22_2167291351567756103,1.5906519827652028,241.1774423122406
ChlorineConcentration,sgld-120,23_1907278292075473975,2.0390896212236296,239.88691878318787
ChlorineConcentration,sgld-120,24_476380456757554475,1.9592771049308884,243.37913489341736
ChlorineConcentration,sgld-120,25_1909077642854329882,2.074789493407904,239.6210162639618
ChlorineConcentration,sgld-120,26_770383818710904589,2.5312079273303443,242.50579500198364
ChlorineConcentration,sgld-120,27_155621029098090493,1.7064756889306167,239.7330605983734
ChlorineConcentration,sgld-120,28_2194406957576155368,1.820858756938995,235.88388323783875
ChlorineConcentration,sgld-120,29_2178620719380361688,1.922455368259075,239.99284410476685
